date,inflation
2022-12-26,-0.01
2022-12-27,-0.01
2022-12-28,-0.01
2022-12-29,-0.01
2022-12-30,-0.01
2023-01-02,0.52
2023-01-03,0.52
2023-01-04,0.52
2023-01-05,0.52
2023-01-06,0.52
2023-01-09,0.52
2023-01-10,0.52
2023-01-11,0.52
2023-01-12,0.52
2023-01-13,0.52
2023-01-16,0.52
2023-01-17,0.52
2023-01-18,0.52
2023-01-19,0.52
2023-01-20,0.52
2023-01-23,0.52
2023-01-24,0.52
2023-01-25,0.52
2023-01-26,0.52
2023-01-27,0.52
2023-01-30,0.52
2023-01-31,0.52
2023-02-01,0.45
2023-02-02,0.45
2023-02-03,0.45
2023-02-06,0.45
2023-02-07,0.45
2023-02-08,0.45
2023-02-09,0.45
2023-02-10,0.45
2023-02-13,0.45
2023-02-14,0.45
2023-02-15,0.45
2023-02-16,0.45
2023-02-17,0.45
2023-02-20,0.45
2023-02-21,0.45
2023-02-22,0.45
2023-02-23,0.45
2023-02-24,0.45
2023-02-27,0.45
2023-02-28,0.45
2023-03-01,-0.23
2023-03-02,-0.23
2023-03-03,-0.23
2023-03-06,-0.23
2023-03-07,-0.23
2023-03-08,-0.23
2023-03-09,-0.23
2023-03-10,-0.23
2023-03-13,-0.23
2023-03-14,-0.23
2023-03-15,-0.23
2023-03-16,-0.23
2023-03-17,-0.23
2023-03-20,-0.23
2023-03-21,-0.23
2023-03-22,-0.23
2023-03-23,-0.23
2023-03-24,-0.23
2023-03-27,-0.23
2023-03-28,-0.23
2023-03-29,-0.23
2023-03-30,-0.23
2023-03-31,-0.23
2023-04-03,-0.34
2023-04-04,-0.34
2023-04-05,-0.34
2023-04-06,-0.34
2023-04-07,-0.34
2023-04-10,-0.34
2023-04-11,-0.34
2023-04-12,-0.34
2023-04-13,-0.34
2023-04-14,-0.34
2023-04-17,-0.34
2023-04-18,-0.34
2023-04-19,-0.34
2023-04-20,-0.34
2023-04-21,-0.34
2023-04-24,-0.34
2023-04-25,-0.34
2023-04-26,-0.34
2023-04-27,-0.34
2023-04-28,-0.34
2023-05-01,0.01
2023-05-02,0.01
2023-05-03,0.01
2023-05-04,0.01
2023-05-05,0.01
2023-05-08,0.01
2023-05-09,0.01
2023-05-10,0.01
2023-05-11,0.01
2023-05-12,0.01
2023-05-15,0.01
2023-05-16,0.01
2023-05-17,0.01
2023-05-18,0.01
2023-05-19,0.01
2023-05-22,0.01
2023-05-23,0.01
2023-05-24,0.01
2023-05-25,0.01
2023-05-26,0.01
2023-05-29,0.01
2023-05-30,0.01
2023-05-31,0.01
2023-06-01,0.27
2023-06-02,0.27
2023-06-05,0.27
2023-06-06,0.27
2023-06-07,0.27
2023-06-08,0.27
2023-06-09,0.27
2023-06-12,0.27
2023-06-13,0.27
2023-06-14,0.27
2023-06-15,0.27
2023-06-16,0.27
2023-06-19,0.27
2023-06-20,0.27
2023-06-21,0.27
2023-06-22,0.27
2023-06-23,0.27
2023-06-26,0.27
2023-06-27,0.27
2023-06-28,0.27
2023-06-29,0.27
2023-06-30,0.27
2023-07-03,0.45
2023-07-04,0.45
2023-07-05,0.45
2023-07-06,0.45
2023-07-07,0.45
2023-07-10,0.45
2023-07-11,0.45
2023-07-12,0.45
2023-07-13,0.45
2023-07-14,0.45
2023-07-17,0.45
2023-07-18,0.45
2023-07-19,0.45
2023-07-20,0.45
2023-07-21,0.45
2023-07-24,0.45
2023-07-25,0.45
2023-07-26,0.45
2023-07-27,0.45
2023-07-28,0.45
2023-07-31,0.45
2023-08-01,0.88
2023-08-02,0.88
2023-08-03,0.88
2023-08-04,0.88
2023-08-07,0.88
2023-08-08,0.88
2023-08-09,0.88
2023-08-10,0.88
2023-08-11,0.88
2023-08-14,0.88
2023-08-15,0.88
2023-08-16,0.88
2023-08-17,0.88
2023-08-18,0.88
2023-08-21,0.88
2023-08-22,0.88
2023-08-23,0.88
2023-08-24,0.88
2023-08-25,0.88
2023-08-28,0.88
2023-08-29,0.88
2023-08-30,0.88
2023-08-31,0.88
2023-09-01,1.08
2023-09-04,1.08
2023-09-05,1.08
2023-09-06,1.08
2023-09-07,1.08
2023-09-08,1.08
2023-09-11,1.08
2023-09-12,1.08
2023-09-13,1.08
2023-09-14,1.08
2023-09-15,1.08
2023-09-18,1.08
2023-09-19,1.08
2023-09-20,1.08
2023-09-21,1.08
2023-09-22,1.08
2023-09-25,1.08
2023-09-26,1.08
2023-09-27,1.08
2023-09-28,1.08
2023-09-29,1.08
2023-10-02,0.08
2023-10-03,0.08
2023-10-04,0.08
2023-10-05,0.08
2023-10-06,0.08
2023-10-09,0.08
2023-10-10,0.08
2023-10-11,0.08
2023-10-12,0.08
2023-10-13,0.08
2023-10-16,0.08
2023-10-17,0.08
2023-10-18,0.08
2023-10-19,0.08
2023-10-20,0.08
2023-10-23,0.08
2023-10-24,0.08
2023-10-25,0.08
2023-10-26,0.08
2023-10-27,0.08
2023-10-30,0.08
2023-10-31,0.08
2023-11-01,0.25
2023-11-02,0.25
2023-11-03,0.25
2023-11-06,0.25
2023-11-07,0.25
2023-11-08,0.25
2023-11-09,0.25
2023-11-10,0.25
2023-11-13,0.25
2023-11-14,0.25
2023-11-15,0.25
2023-11-16,0.25
2023-11-17,0.25
2023-11-20,0.25
2023-11-21,0.25
2023-11-22,0.25
2023-11-23,0.25
2023-11-24,0.25
2023-11-27,0.25
2023-11-28,0.25
2023-11-29,0.25
2023-11-30,0.25
2023-12-01,
2023-12-04,
2023-12-05,
2023-12-06,
2023-12-07,
2023-12-08,
2023-12-11,
2023-12-12,
2023-12-13,
2023-12-14,
2023-12-15,
2023-12-18,
2023-12-19,
2023-12-20,
2023-12-21,
2023-12-22,
2023-12-25,
